﻿<?xml version="1.0" encoding="utf-8"?><meta xmlns:xsi="http://www.w3.org/2001/XMLSchema-instance" xmlns:xsd="http://www.w3.org/2001/XMLSchema"><project id="6LA7QMb9m1e" courseid="5kvW3JrqKQu_course_id" thumburl="story_content/thumbnail.jpg" title="Getaran dan Gelombang" datepublished="2024-09-26T01:10:20" version="1.0.0.0" flashdata="story_content/data.swf" html5data="mobile/data.json" mobiledata="mobile/data.gz" enabledownload="false" duration="About 8 minutes" totalaudio="0" totalvideo="161938"><description>Media Pembelajaran Getaran dan Gelombang untuk pelajar kelas VIII</description><keywords /><slidemeta moniker="slide" monikerplural="slides" viewslides="35" slidecountdescription="35 slides" /><author name="Muhamad Pahrudin" email="" website="" /><application name="Articulate Storyline" version="3.20.30234.0" xmlversion="4.0" /></project></meta>